<application>
  <component name="FileTypeManager" version="17">
    <ignoreFiles list="*.hprof;*.pyc;*.pyo;*.rbc;*.yarb;*~;.DS_Store;.git;.hg;.idea;.nyc_output;.svn;CVS;__pycache__;_svn;node_modules;package-lock.json;vssver.scc;vssver2.scc;" />
    <extensionMap>
      <mapping pattern="Dockerfile-prod" type="PLAIN_TEXT" />
      <mapping pattern="ziaUth3f" type="PLAIN_TEXT" />
      <mapping pattern=".gitkeep" type="PLAIN_TEXT" />
      <mapping pattern="priceRoute" type="PLAIN_TEXT" />
      <mapping pattern="Procfile" type="PLAIN_TEXT" />
      <mapping pattern="Dockerfile-test" type="PLAIN_TEXT" />
      <mapping pattern=".sequelizerc" type="PLAIN_TEXT" />
      <mapping pattern="env" type="PLAIN_TEXT" />
      <mapping ext="key" type="PLAIN_TEXT" />
      <mapping ext="obj" type="PLAIN_TEXT" />
      <mapping ext="test" type="PLAIN_TEXT" />
      <mapping ext="traineddata" type="PLAIN_TEXT" />
      <mapping ext="encrypted" type="PLAIN_TEXT" />
      <removed_mapping ext="cmd" approved="true" type="PLAIN_TEXT" />
      <removed_mapping ext="log" approved="true" type="PLAIN_TEXT" />
      <removed_mapping ext="bat" approved="true" type="PLAIN_TEXT" />
      <removed_mapping pattern=".nodemonignore" approved="true" type="Nodemon file" />
      <removed_mapping ext="bat" approved="true" type="PLAIN_TEXT" />
      <removed_mapping ext="log" approved="true" type="PLAIN_TEXT" />
      <removed_mapping ext="dockerfile" approved="true" type="textmate" />
      <removed_mapping pattern=".bzrignore" approved="true" type="Bazaar file" />
      <removed_mapping ext="bzrignore" approved="true" type="Bazaar file" />
      <removed_mapping ext="makefile" approved="true" type="textmate" />
      <removed_mapping ext="php" approved="true" type="PLAIN_TEXT" />
      <removed_mapping ext="py" approved="true" type="PLAIN_TEXT" />
      <removed_mapping ext="cmd" approved="true" type="PLAIN_TEXT" />
      <removed_mapping ext="snakefile" approved="true" type="textmate" />
      <removed_mapping ext="nodemonignore" approved="true" type="Nodemon file" />
    </extensionMap>
  </component>
</application>